[{"model": "contenttypes.contenttype", "pk": 1, "fields": {"app_label": "admin", "model": "logentry"}}, {"model": "contenttypes.contenttype", "pk": 2, "fields": {"app_label": "auth", "model": "permission"}}, {"model": "contenttypes.contenttype", "pk": 3, "fields": {"app_label": "auth", "model": "group"}}, {"model": "contenttypes.contenttype", "pk": 4, "fields": {"app_label": "auth", "model": "user"}}, {"model": "contenttypes.contenttype", "pk": 5, "fields": {"app_label": "contenttypes", "model": "contenttype"}}, {"model": "contenttypes.contenttype", "pk": 6, "fields": {"app_label": "sessions", "model": "session"}}, {"model": "contenttypes.contenttype", "pk": 7, "fields": {"app_label": "cadettracker", "model": "building"}}, {"model": "contenttypes.contenttype", "pk": 8, "fields": {"app_label": "cadettracker", "model": "company"}}, {"model": "contenttypes.contenttype", "pk": 9, "fields": {"app_label": "cadettracker", "model": "location"}}, {"model": "contenttypes.contenttype", "pk": 10, "fields": {"app_label": "cadettracker", "model": "personnel"}}, {"model": "contenttypes.contenttype", "pk": 11, "fields": {"app_label": "cadettracker", "model": "supply"}}, {"model": "contenttypes.contenttype", "pk": 12, "fields": {"app_label": "cadettracker", "model": "regiment"}}, {"model": "contenttypes.contenttype", "pk": 13, "fields": {"app_label": "cadettracker", "model": "reghassupply"}}, {"model": "contenttypes.contenttype", "pk": 14, "fields": {"app_label": "cadettracker", "model": "reghaspersonnel"}}, {"model": "contenttypes.contenttype", "pk": 15, "fields": {"app_label": "cadettracker", "model": "companyneedssupply"}}, {"model": "contenttypes.contenttype", "pk": 16, "fields": {"app_label": "cadettracker", "model": "companyhassupply"}}, {"model": "sessions.session", "pk": "rxp8i6ktvz99qhjewlf84httcref2sib", "fields": {"session_data": "YjQzZThjMmYyNjI0NjUwNjg4NGExYzQ1ZDNkMDQzYmIzMDBmOGQ2NTp7Il9hdXRoX3VzZXJfaWQiOiIxIiwiX2F1dGhfdXNlcl9iYWNrZW5kIjoiZGphbmdvLmNvbnRyaWIuYXV0aC5iYWNrZW5kcy5Nb2RlbEJhY2tlbmQiLCJfYXV0aF91c2VyX2hhc2giOiJkZTliZmM2ZjU1MTVlZTlhMmFmODVmNWJlYzdjZGNiNDVmZjMzNGUzIn0=", "expire_date": "2020-05-22T21:21:35.996Z"}}, {"model": "sessions.session", "pk": "smelthlo9i2r7id2gzmezbeewmwfivwg", "fields": {"session_data": "MWJkYjFmYmIxZWFmMzNjOTQ0YTAyYmVhM2M0NjgzNmIxMWY5YWM1YTp7Il9hdXRoX3VzZXJfaWQiOiIyIiwiX2F1dGhfdXNlcl9iYWNrZW5kIjoiZGphbmdvLmNvbnRyaWIuYXV0aC5iYWNrZW5kcy5Nb2RlbEJhY2tlbmQiLCJfYXV0aF91c2VyX2hhc2giOiI1YzZkY2IxMTMyNmM5NTdlOWVhNTQ3YjRkZTk2ODBhYmVhYjAyNjA3In0=", "expire_date": "2020-05-23T00:19:45.303Z"}}, {"model": "cadettracker.building", "pk": 1, "fields": {"BuildingName": "MacShort"}}, {"model": "cadettracker.building", "pk": 3, "fields": {"BuildingName": "Davis"}}, {"model": "cadettracker.building", "pk": 4, "fields": {"BuildingName": "MacLong"}}, {"model": "cadettracker.building", "pk": 5, "fields": {"BuildingName": "Brad"}}, {"model": "cadettracker.building", "pk": 6, "fields": {"BuildingName": "Sherman"}}, {"model": "cadettracker.building", "pk": 7, "fields": {"BuildingName": "Lee"}}, {"model": "cadettracker.building", "pk": 8, "fields": {"BuildingName": "Pershing"}}, {"model": "cadettracker.location", "pk": 1, "fields": {"BLDGName": 3, "Floor": 1, "RoomNum": 101, "RoomDescription": "Closet"}}, {"model": "cadettracker.location", "pk": 2, "fields": {"BLDGName": 3, "Floor": 2, "RoomNum": 201, "RoomDescription": "Closet"}}, {"model": "cadettracker.location", "pk": 3, "fields": {"BLDGName": 3, "Floor": 3, "RoomNum": 301, "RoomDescription": "Closet"}}, {"model": "cadettracker.location", "pk": 4, "fields": {"BLDGName": 3, "Floor": 4, "RoomNum": 401, "RoomDescription": "Closet"}}, {"model": "cadettracker.location", "pk": 5, "fields": {"BLDGName": 5, "Floor": 1, "RoomNum": 100, "RoomDescription": "Closet"}}, {"model": "cadettracker.location", "pk": 6, "fields": {"BLDGName": 5, "Floor": 2, "RoomNum": 201, "RoomDescription": "Closet"}}, {"model": "cadettracker.location", "pk": 7, "fields": {"BLDGName": 4, "Floor": 3, "RoomNum": 3024, "RoomDescription": "Reg Supply Room"}}, {"model": "cadettracker.location", "pk": 8, "fields": {"BLDGName": 4, "Floor": 3, "RoomNum": 3020, "RoomDescription": "3REG Supply Room"}}, {"model": "cadettracker.location", "pk": 9, "fields": {"BLDGName": 1, "Floor": 2, "RoomNum": 2120, "RoomDescription": "4REG Supply Room"}}, {"model": "cadettracker.location", "pk": 10, "fields": {"BLDGName": 7, "Floor": 4, "RoomNum": 432, "RoomDescription": "Test"}}, {"model": "cadettracker.supply", "pk": 1, "fields": {"item": "Toilet Paper"}}, {"model": "cadettracker.supply", "pk": 2, "fields": {"item": "Paper Towel"}}, {"model": "cadettracker.supply", "pk": 3, "fields": {"item": "Plungers"}}, {"model": "cadettracker.supply", "pk": 4, "fields": {"item": "Bleach"}}, {"model": "cadettracker.supply", "pk": 5, "fields": {"item": "Brooms"}}, {"model": "cadettracker.supply", "pk": 6, "fields": {"item": "Dustpans"}}, {"model": "cadettracker.supply", "pk": 7, "fields": {"item": "Glass Cleaner"}}, {"model": "cadettracker.supply", "pk": 8, "fields": {"item": "Gloves"}}, {"model": "cadettracker.supply", "pk": 9, "fields": {"item": "Mop Buckets"}}, {"model": "cadettracker.supply", "pk": 10, "fields": {"item": "Mops"}}, {"model": "cadettracker.supply", "pk": 11, "fields": {"item": "Multi-Purpose Cleaner"}}, {"model": "cadettracker.supply", "pk": 12, "fields": {"item": "Shower Curtains"}}, {"model": "cadettracker.supply", "pk": 13, "fields": {"item": "Soap"}}, {"model": "cadettracker.supply", "pk": 14, "fields": {"item": "Soap (Dispenser Refills)"}}, {"model": "cadettracker.supply", "pk": 15, "fields": {"item": "Soap Dispensers"}}, {"model": "cadettracker.supply", "pk": 16, "fields": {"item": "Sponges"}}, {"model": "cadettracker.supply", "pk": 17, "fields": {"item": "Steel Polish"}}, {"model": "cadettracker.supply", "pk": 18, "fields": {"item": "Toilet Brushes"}}, {"model": "cadettracker.supply", "pk": 19, "fields": {"item": "Toilet Cleaner"}}, {"model": "cadettracker.supply", "pk": 20, "fields": {"item": "Trash Bags"}}, {"model": "cadettracker.supply", "pk": 21, "fields": {"item": "Trash Cans"}}, {"model": "cadettracker.regiment", "pk": 1, "fields": {"RegNum": 1, "RegSupplyLocation": 1}}, {"model": "cadettracker.regiment", "pk": 2, "fields": {"RegNum": 2, "RegSupplyLocation": 5}}, {"model": "cadettracker.regiment", "pk": 3, "fields": {"RegNum": 3, "RegSupplyLocation": 7}}, {"model": "cadettracker.regiment", "pk": 4, "fields": {"RegNum": 4, "RegSupplyLocation": 9}}, {"model": "cadettracker.company", "pk": 1, "fields": {"CompanyName": "A", "regiment": 1, "LocationID": 2}}, {"model": "cadettracker.company", "pk": 2, "fields": {"CompanyName": "B", "regiment": 1, "LocationID": 3}}, {"model": "cadettracker.company", "pk": 3, "fields": {"CompanyName": "C", "regiment": 1, "LocationID": 4}}, {"model": "cadettracker.company", "pk": 4, "fields": {"CompanyName": "D", "regiment": 1, "LocationID": 2}}, {"model": "cadettracker.company", "pk": 5, "fields": {"CompanyName": "A", "regiment": 2, "LocationID": 8}}, {"model": "cadettracker.company", "pk": 6, "fields": {"CompanyName": "B", "regiment": 2, "LocationID": 5}}, {"model": "cadettracker.company", "pk": 7, "fields": {"CompanyName": "C", "regiment": 2, "LocationID": 8}}, {"model": "cadettracker.company", "pk": 8, "fields": {"CompanyName": "D", "regiment": 2, "LocationID": 3}}, {"model": "cadettracker.company", "pk": 9, "fields": {"CompanyName": "A", "regiment": 3, "LocationID": 7}}, {"model": "cadettracker.company", "pk": 10, "fields": {"CompanyName": "B", "regiment": 3, "LocationID": 6}}, {"model": "cadettracker.company", "pk": 11, "fields": {"CompanyName": "C", "regiment": 3, "LocationID": 7}}, {"model": "cadettracker.company", "pk": 12, "fields": {"CompanyName": "D", "regiment": 3, "LocationID": 10}}, {"model": "cadettracker.company", "pk": 13, "fields": {"CompanyName": "A", "regiment": 4, "LocationID": 9}}, {"model": "cadettracker.company", "pk": 14, "fields": {"CompanyName": "B", "regiment": 4, "LocationID": 9}}, {"model": "cadettracker.company", "pk": 15, "fields": {"CompanyName": "C", "regiment": 4, "LocationID": 6}}, {"model": "cadettracker.company", "pk": 16, "fields": {"CompanyName": "D", "regiment": 4, "LocationID": 9}}, {"model": "cadettracker.personnel", "pk": 1, "fields": {"xNum": "x12432", "jobTitle": "Supply Officer", "location": 7, "phoneNum": "1234567897", "company": 10}}, {"model": "cadettracker.personnel", "pk": 2, "fields": {"xNum": "x14354", "jobTitle": "Supply Officer", "location": 5, "phoneNum": "1234567897", "company": 13}}, {"model": "cadettracker.personnel", "pk": 3, "fields": {"xNum": "x43928", "jobTitle": "Supply Officer", "location": 3, "phoneNum": "1234567897", "company": 1}}, {"model": "cadettracker.personnel", "pk": 4, "fields": {"xNum": "x25476", "jobTitle": "Supply Officer", "location": 6, "phoneNum": "1234567897", "company": 5}}, {"model": "cadettracker.personnel", "pk": 5, "fields": {"xNum": "x84726", "jobTitle": "REG Supply Off.", "location": 7, "phoneNum": "1234567897", "company": 12}}, {"model": "cadettracker.companyhassupply", "pk": 1, "fields": {"Item": 1, "NumAvailable": 5, "CompanyLabel": 1, "Location": 10}}, {"model": "cadettracker.reghassupply", "pk": 1, "fields": {"item": "Trash Cans", "NumberAvailable": 7, "RegimentID": 1, "Location": 1}}, {"model": "cadettracker.reghassupply", "pk": 2, "fields": {"item": "Trash Bags", "NumberAvailable": 18, "RegimentID": 2, "Location": 6}}, {"model": "cadettracker.reghassupply", "pk": 3, "fields": {"item": "Sponges", "NumberAvailable": 22, "RegimentID": 3, "Location": 7}}, {"model": "cadettracker.reghassupply", "pk": 4, "fields": {"item": "Mops", "NumberAvailable": 19, "RegimentID": 4, "Location": 9}}, {"model": "cadettracker.reghaspersonnel", "pk": 1, "fields": {"Reg": 3, "person": 1}}, {"model": "auth.permission", "pk": 1, "fields": {"name": "Can add log entry", "content_type": 1, "codename": "add_logentry"}}, {"model": "auth.permission", "pk": 2, "fields": {"name": "Can change log entry", "content_type": 1, "codename": "change_logentry"}}, {"model": "auth.permission", "pk": 3, "fields": {"name": "Can delete log entry", "content_type": 1, "codename": "delete_logentry"}}, {"model": "auth.permission", "pk": 4, "fields": {"name": "Can view log entry", "content_type": 1, "codename": "view_logentry"}}, {"model": "auth.permission", "pk": 5, "fields": {"name": "Can add permission", "content_type": 2, "codename": "add_permission"}}, {"model": "auth.permission", "pk": 6, "fields": {"name": "Can change permission", "content_type": 2, "codename": "change_permission"}}, {"model": "auth.permission", "pk": 7, "fields": {"name": "Can delete permission", "content_type": 2, "codename": "delete_permission"}}, {"model": "auth.permission", "pk": 8, "fields": {"name": "Can view permission", "content_type": 2, "codename": "view_permission"}}, {"model": "auth.permission", "pk": 9, "fields": {"name": "Can add group", "content_type": 3, "codename": "add_group"}}, {"model": "auth.permission", "pk": 10, "fields": {"name": "Can change group", "content_type": 3, "codename": "change_group"}}, {"model": "auth.permission", "pk": 11, "fields": {"name": "Can delete group", "content_type": 3, "codename": "delete_group"}}, {"model": "auth.permission", "pk": 12, "fields": {"name": "Can view group", "content_type": 3, "codename": "view_group"}}, {"model": "auth.permission", "pk": 13, "fields": {"name": "Can add user", "content_type": 4, "codename": "add_user"}}, {"model": "auth.permission", "pk": 14, "fields": {"name": "Can change user", "content_type": 4, "codename": "change_user"}}, {"model": "auth.permission", "pk": 15, "fields": {"name": "Can delete user", "content_type": 4, "codename": "delete_user"}}, {"model": "auth.permission", "pk": 16, "fields": {"name": "Can view user", "content_type": 4, "codename": "view_user"}}, {"model": "auth.permission", "pk": 17, "fields": {"name": "Can add content type", "content_type": 5, "codename": "add_contenttype"}}, {"model": "auth.permission", "pk": 18, "fields": {"name": "Can change content type", "content_type": 5, "codename": "change_contenttype"}}, {"model": "auth.permission", "pk": 19, "fields": {"name": "Can delete content type", "content_type": 5, "codename": "delete_contenttype"}}, {"model": "auth.permission", "pk": 20, "fields": {"name": "Can view content type", "content_type": 5, "codename": "view_contenttype"}}, {"model": "auth.permission", "pk": 21, "fields": {"name": "Can add session", "content_type": 6, "codename": "add_session"}}, {"model": "auth.permission", "pk": 22, "fields": {"name": "Can change session", "content_type": 6, "codename": "change_session"}}, {"model": "auth.permission", "pk": 23, "fields": {"name": "Can delete session", "content_type": 6, "codename": "delete_session"}}, {"model": "auth.permission", "pk": 24, "fields": {"name": "Can view session", "content_type": 6, "codename": "view_session"}}, {"model": "auth.permission", "pk": 25, "fields": {"name": "Can add building", "content_type": 7, "codename": "add_building"}}, {"model": "auth.permission", "pk": 26, "fields": {"name": "Can change building", "content_type": 7, "codename": "change_building"}}, {"model": "auth.permission", "pk": 27, "fields": {"name": "Can delete building", "content_type": 7, "codename": "delete_building"}}, {"model": "auth.permission", "pk": 28, "fields": {"name": "Can view building", "content_type": 7, "codename": "view_building"}}, {"model": "auth.permission", "pk": 29, "fields": {"name": "Can add company", "content_type": 8, "codename": "add_company"}}, {"model": "auth.permission", "pk": 30, "fields": {"name": "Can change company", "content_type": 8, "codename": "change_company"}}, {"model": "auth.permission", "pk": 31, "fields": {"name": "Can delete company", "content_type": 8, "codename": "delete_company"}}, {"model": "auth.permission", "pk": 32, "fields": {"name": "Can view company", "content_type": 8, "codename": "view_company"}}, {"model": "auth.permission", "pk": 33, "fields": {"name": "Can add location", "content_type": 9, "codename": "add_location"}}, {"model": "auth.permission", "pk": 34, "fields": {"name": "Can change location", "content_type": 9, "codename": "change_location"}}, {"model": "auth.permission", "pk": 35, "fields": {"name": "Can delete location", "content_type": 9, "codename": "delete_location"}}, {"model": "auth.permission", "pk": 36, "fields": {"name": "Can view location", "content_type": 9, "codename": "view_location"}}, {"model": "auth.permission", "pk": 37, "fields": {"name": "Can add personnel", "content_type": 10, "codename": "add_personnel"}}, {"model": "auth.permission", "pk": 38, "fields": {"name": "Can change personnel", "content_type": 10, "codename": "change_personnel"}}, {"model": "auth.permission", "pk": 39, "fields": {"name": "Can delete personnel", "content_type": 10, "codename": "delete_personnel"}}, {"model": "auth.permission", "pk": 40, "fields": {"name": "Can view personnel", "content_type": 10, "codename": "view_personnel"}}, {"model": "auth.permission", "pk": 41, "fields": {"name": "Can add supply", "content_type": 11, "codename": "add_supply"}}, {"model": "auth.permission", "pk": 42, "fields": {"name": "Can change supply", "content_type": 11, "codename": "change_supply"}}, {"model": "auth.permission", "pk": 43, "fields": {"name": "Can delete supply", "content_type": 11, "codename": "delete_supply"}}, {"model": "auth.permission", "pk": 44, "fields": {"name": "Can view supply", "content_type": 11, "codename": "view_supply"}}, {"model": "auth.permission", "pk": 45, "fields": {"name": "Can add regiment", "content_type": 12, "codename": "add_regiment"}}, {"model": "auth.permission", "pk": 46, "fields": {"name": "Can change regiment", "content_type": 12, "codename": "change_regiment"}}, {"model": "auth.permission", "pk": 47, "fields": {"name": "Can delete regiment", "content_type": 12, "codename": "delete_regiment"}}, {"model": "auth.permission", "pk": 48, "fields": {"name": "Can view regiment", "content_type": 12, "codename": "view_regiment"}}, {"model": "auth.permission", "pk": 49, "fields": {"name": "Can add reg has supply", "content_type": 13, "codename": "add_reghassupply"}}, {"model": "auth.permission", "pk": 50, "fields": {"name": "Can change reg has supply", "content_type": 13, "codename": "change_reghassupply"}}, {"model": "auth.permission", "pk": 51, "fields": {"name": "Can delete reg has supply", "content_type": 13, "codename": "delete_reghassupply"}}, {"model": "auth.permission", "pk": 52, "fields": {"name": "Can view reg has supply", "content_type": 13, "codename": "view_reghassupply"}}, {"model": "auth.permission", "pk": 53, "fields": {"name": "Can add reg has personnel", "content_type": 14, "codename": "add_reghaspersonnel"}}, {"model": "auth.permission", "pk": 54, "fields": {"name": "Can change reg has personnel", "content_type": 14, "codename": "change_reghaspersonnel"}}, {"model": "auth.permission", "pk": 55, "fields": {"name": "Can delete reg has personnel", "content_type": 14, "codename": "delete_reghaspersonnel"}}, {"model": "auth.permission", "pk": 56, "fields": {"name": "Can view reg has personnel", "content_type": 14, "codename": "view_reghaspersonnel"}}, {"model": "auth.permission", "pk": 57, "fields": {"name": "Can add company needs supply", "content_type": 15, "codename": "add_companyneedssupply"}}, {"model": "auth.permission", "pk": 58, "fields": {"name": "Can change company needs supply", "content_type": 15, "codename": "change_companyneedssupply"}}, {"model": "auth.permission", "pk": 59, "fields": {"name": "Can delete company needs supply", "content_type": 15, "codename": "delete_companyneedssupply"}}, {"model": "auth.permission", "pk": 60, "fields": {"name": "Can view company needs supply", "content_type": 15, "codename": "view_companyneedssupply"}}, {"model": "auth.permission", "pk": 61, "fields": {"name": "Can add company has supply", "content_type": 16, "codename": "add_companyhassupply"}}, {"model": "auth.permission", "pk": 62, "fields": {"name": "Can change company has supply", "content_type": 16, "codename": "change_companyhassupply"}}, {"model": "auth.permission", "pk": 63, "fields": {"name": "Can delete company has supply", "content_type": 16, "codename": "delete_companyhassupply"}}, {"model": "auth.permission", "pk": 64, "fields": {"name": "Can view company has supply", "content_type": 16, "codename": "view_companyhassupply"}}, {"model": "auth.user", "pk": 1, "fields": {"password": "pbkdf2_sha256$180000$cjC4TOEzQxqZ$ZQvGio0bkPIBlS5GEtiQROHvIOxL0oK8zlC7AuZNZjY=", "last_login": "2020-05-08T21:21:35.987Z", "is_superuser": true, "username": "donte", "first_name": "", "last_name": "", "email": "", "is_staff": true, "is_active": true, "date_joined": "2020-05-08T21:21:14.612Z", "groups": [], "user_permissions": []}}, {"model": "auth.user", "pk": 2, "fields": {"password": "pbkdf2_sha256$180000$I79SQROeYxaW$3C0DHVciDJIc32afz64zkV9BQv6VPWZ1hGMemxCoyD4=", "last_login": "2020-05-09T00:19:45.297Z", "is_superuser": true, "username": "cadet", "first_name": "", "last_name": "", "email": "", "is_staff": true, "is_active": true, "date_joined": "2020-05-09T00:19:38.731Z", "groups": [], "user_permissions": []}}, {"model": "admin.logentry", "pk": 1, "fields": {"action_time": "2020-05-08T21:28:54.669Z", "user": 1, "content_type": 7, "object_id": "1", "object_repr": "MacShort", "action_flag": 1, "change_message": "[{\"added\": {}}]"}}, {"model": "admin.logentry", "pk": 2, "fields": {"action_time": "2020-05-08T21:29:13.674Z", "user": 1, "content_type": 7, "object_id": "2", "object_repr": "MacShort", "action_flag": 1, "change_message": "[{\"added\": {}}]"}}, {"model": "admin.logentry", "pk": 3, "fields": {"action_time": "2020-05-08T21:38:18.860Z", "user": 1, "content_type": 7, "object_id": "3", "object_repr": "Davis", "action_flag": 1, "change_message": "[{\"added\": {}}]"}}, {"model": "admin.logentry", "pk": 4, "fields": {"action_time": "2020-05-08T21:39:01.755Z", "user": 1, "content_type": 9, "object_id": "1", "object_repr": "Davis 101", "action_flag": 1, "change_message": "[{\"added\": {}}]"}}, {"model": "admin.logentry", "pk": 5, "fields": {"action_time": "2020-05-08T21:39:45.078Z", "user": 1, "content_type": 12, "object_id": "1", "object_repr": "1st REG", "action_flag": 1, "change_message": "[{\"added\": {}}]"}}, {"model": "admin.logentry", "pk": 6, "fields": {"action_time": "2020-05-08T21:42:25.871Z", "user": 1, "content_type": 9, "object_id": "2", "object_repr": "Davis 201", "action_flag": 1, "change_message": "[{\"added\": {}}]"}}, {"model": "admin.logentry", "pk": 7, "fields": {"action_time": "2020-05-08T21:43:12.532Z", "user": 1, "content_type": 7, "object_id": "2", "object_repr": "MacShort", "action_flag": 3, "change_message": ""}}, {"model": "admin.logentry", "pk": 8, "fields": {"action_time": "2020-05-08T21:43:21.607Z", "user": 1, "content_type": 7, "object_id": "4", "object_repr": "MacLong", "action_flag": 1, "change_message": "[{\"added\": {}}]"}}, {"model": "admin.logentry", "pk": 9, "fields": {"action_time": "2020-05-08T21:43:42.153Z", "user": 1, "content_type": 8, "object_id": "1", "object_repr": "A1-1st REG", "action_flag": 1, "change_message": "[{\"added\": {}}]"}}, {"model": "admin.logentry", "pk": 10, "fields": {"action_time": "2020-05-08T21:44:04.651Z", "user": 1, "content_type": 9, "object_id": "3", "object_repr": "Davis 301", "action_flag": 1, "change_message": "[{\"added\": {}}]"}}, {"model": "admin.logentry", "pk": 11, "fields": {"action_time": "2020-05-08T21:45:19.971Z", "user": 1, "content_type": 7, "object_id": "5", "object_repr": "Brad", "action_flag": 1, "change_message": "[{\"added\": {}}]"}}, {"model": "admin.logentry", "pk": 12, "fields": {"action_time": "2020-05-08T21:46:01.005Z", "user": 1, "content_type": 11, "object_id": "1", "object_repr": "Toilet Paper", "action_flag": 1, "change_message": "[{\"added\": {}}]"}}, {"model": "admin.logentry", "pk": 13, "fields": {"action_time": "2020-05-08T21:46:14.865Z", "user": 1, "content_type": 7, "object_id": "6", "object_repr": "Sherman", "action_flag": 1, "change_message": "[{\"added\": {}}]"}}, {"model": "admin.logentry", "pk": 14, "fields": {"action_time": "2020-05-08T21:46:33.049Z", "user": 1, "content_type": 7, "object_id": "7", "object_repr": "Lee", "action_flag": 1, "change_message": "[{\"added\": {}}]"}}, {"model": "admin.logentry", "pk": 15, "fields": {"action_time": "2020-05-08T21:46:53.720Z", "user": 1, "content_type": 7, "object_id": "8", "object_repr": "Pershing", "action_flag": 1, "change_message": "[{\"added\": {}}]"}}, {"model": "admin.logentry", "pk": 16, "fields": {"action_time": "2020-05-08T21:47:17.992Z", "user": 1, "content_type": 11, "object_id": "2", "object_repr": "Paper Towel", "action_flag": 1, "change_message": "[{\"added\": {}}]"}}, {"model": "admin.logentry", "pk": 17, "fields": {"action_time": "2020-05-08T21:47:22.084Z", "user": 1, "content_type": 11, "object_id": "3", "object_repr": "Plungers", "action_flag": 1, "change_message": "[{\"added\": {}}]"}}, {"model": "admin.logentry", "pk": 18, "fields": {"action_time": "2020-05-08T21:47:26.965Z", "user": 1, "content_type": 11, "object_id": "4", "object_repr": "Bleach", "action_flag": 1, "change_message": "[{\"added\": {}}]"}}, {"model": "admin.logentry", "pk": 19, "fields": {"action_time": "2020-05-08T21:47:30.436Z", "user": 1, "content_type": 11, "object_id": "5", "object_repr": "Brooms", "action_flag": 1, "change_message": "[{\"added\": {}}]"}}, {"model": "admin.logentry", "pk": 20, "fields": {"action_time": "2020-05-08T21:47:35.628Z", "user": 1, "content_type": 11, "object_id": "6", "object_repr": "Dustpans", "action_flag": 1, "change_message": "[{\"added\": {}}]"}}, {"model": "admin.logentry", "pk": 21, "fields": {"action_time": "2020-05-08T21:47:41.889Z", "user": 1, "content_type": 11, "object_id": "7", "object_repr": "Glass Cleaner", "action_flag": 1, "change_message": "[{\"added\": {}}]"}}, {"model": "admin.logentry", "pk": 22, "fields": {"action_time": "2020-05-08T21:47:45.237Z", "user": 1, "content_type": 11, "object_id": "8", "object_repr": "Gloves", "action_flag": 1, "change_message": "[{\"added\": {}}]"}}, {"model": "admin.logentry", "pk": 23, "fields": {"action_time": "2020-05-08T21:47:54.931Z", "user": 1, "content_type": 11, "object_id": "9", "object_repr": "Mop Buckets", "action_flag": 1, "change_message": "[{\"added\": {}}]"}}, {"model": "admin.logentry", "pk": 24, "fields": {"action_time": "2020-05-08T21:47:58.084Z", "user": 1, "content_type": 11, "object_id": "10", "object_repr": "Mops", "action_flag": 1, "change_message": "[{\"added\": {}}]"}}, {"model": "admin.logentry", "pk": 25, "fields": {"action_time": "2020-05-08T21:48:03.092Z", "user": 1, "content_type": 11, "object_id": "11", "object_repr": "Multi-Purpose Cleaner", "action_flag": 1, "change_message": "[{\"added\": {}}]"}}, {"model": "admin.logentry", "pk": 26, "fields": {"action_time": "2020-05-08T21:48:14.788Z", "user": 1, "content_type": 11, "object_id": "12", "object_repr": "Shower Curtains", "action_flag": 1, "change_message": "[{\"added\": {}}]"}}, {"model": "admin.logentry", "pk": 27, "fields": {"action_time": "2020-05-08T21:48:18.159Z", "user": 1, "content_type": 11, "object_id": "13", "object_repr": "Soap", "action_flag": 1, "change_message": "[{\"added\": {}}]"}}, {"model": "admin.logentry", "pk": 28, "fields": {"action_time": "2020-05-08T21:48:21.537Z", "user": 1, "content_type": 11, "object_id": "14", "object_repr": "Soap (Dispenser Refills)", "action_flag": 1, "change_message": "[{\"added\": {}}]"}}, {"model": "admin.logentry", "pk": 29, "fields": {"action_time": "2020-05-08T21:48:25.641Z", "user": 1, "content_type": 11, "object_id": "15", "object_repr": "Soap Dispensers", "action_flag": 1, "change_message": "[{\"added\": {}}]"}}, {"model": "admin.logentry", "pk": 30, "fields": {"action_time": "2020-05-08T21:48:29.392Z", "user": 1, "content_type": 11, "object_id": "16", "object_repr": "Sponges", "action_flag": 1, "change_message": "[{\"added\": {}}]"}}, {"model": "admin.logentry", "pk": 31, "fields": {"action_time": "2020-05-08T21:48:33.523Z", "user": 1, "content_type": 11, "object_id": "17", "object_repr": "Steel Polish", "action_flag": 1, "change_message": "[{\"added\": {}}]"}}, {"model": "admin.logentry", "pk": 32, "fields": {"action_time": "2020-05-08T21:48:39.325Z", "user": 1, "content_type": 11, "object_id": "18", "object_repr": "Toilet Brushes", "action_flag": 1, "change_message": "[{\"added\": {}}]"}}, {"model": "admin.logentry", "pk": 33, "fields": {"action_time": "2020-05-08T21:48:42.879Z", "user": 1, "content_type": 11, "object_id": "19", "object_repr": "Toilet Cleaner", "action_flag": 1, "change_message": "[{\"added\": {}}]"}}, {"model": "admin.logentry", "pk": 34, "fields": {"action_time": "2020-05-08T21:48:46.921Z", "user": 1, "content_type": 11, "object_id": "20", "object_repr": "Trash Bags", "action_flag": 1, "change_message": "[{\"added\": {}}]"}}, {"model": "admin.logentry", "pk": 35, "fields": {"action_time": "2020-05-08T21:48:51.021Z", "user": 1, "content_type": 11, "object_id": "21", "object_repr": "Trash Cans", "action_flag": 1, "change_message": "[{\"added\": {}}]"}}, {"model": "admin.logentry", "pk": 36, "fields": {"action_time": "2020-05-08T21:49:35.833Z", "user": 1, "content_type": 8, "object_id": "2", "object_repr": "B1-1st REG", "action_flag": 1, "change_message": "[{\"added\": {}}]"}}, {"model": "admin.logentry", "pk": 37, "fields": {"action_time": "2020-05-08T21:50:03.081Z", "user": 1, "content_type": 9, "object_id": "4", "object_repr": "Davis 401", "action_flag": 1, "change_message": "[{\"added\": {}}]"}}, {"model": "admin.logentry", "pk": 38, "fields": {"action_time": "2020-05-08T21:50:26.223Z", "user": 1, "content_type": 8, "object_id": "3", "object_repr": "C1-1st REG", "action_flag": 1, "change_message": "[{\"added\": {}}]"}}, {"model": "admin.logentry", "pk": 39, "fields": {"action_time": "2020-05-08T21:50:55.765Z", "user": 1, "content_type": 9, "object_id": "5", "object_repr": "Brad 100", "action_flag": 1, "change_message": "[{\"added\": {}}]"}}, {"model": "admin.logentry", "pk": 40, "fields": {"action_time": "2020-05-08T21:51:25.027Z", "user": 1, "content_type": 12, "object_id": "2", "object_repr": "2nd REG", "action_flag": 1, "change_message": "[{\"added\": {}}]"}}, {"model": "admin.logentry", "pk": 41, "fields": {"action_time": "2020-05-08T21:52:26.990Z", "user": 1, "content_type": 9, "object_id": "6", "object_repr": "Brad 201", "action_flag": 1, "change_message": "[{\"added\": {}}]"}}, {"model": "admin.logentry", "pk": 42, "fields": {"action_time": "2020-05-09T00:20:19.955Z", "user": 2, "content_type": 9, "object_id": "7", "object_repr": "MacLong 3024", "action_flag": 1, "change_message": "[{\"added\": {}}]"}}, {"model": "admin.logentry", "pk": 43, "fields": {"action_time": "2020-05-09T00:20:55.945Z", "user": 2, "content_type": 9, "object_id": "8", "object_repr": "MacLong 3020", "action_flag": 1, "change_message": "[{\"added\": {}}]"}}, {"model": "admin.logentry", "pk": 44, "fields": {"action_time": "2020-05-09T00:21:18.852Z", "user": 2, "content_type": 12, "object_id": "3", "object_repr": "3rd REG", "action_flag": 1, "change_message": "[{\"added\": {}}]"}}, {"model": "admin.logentry", "pk": 45, "fields": {"action_time": "2020-05-09T00:21:42.712Z", "user": 2, "content_type": 9, "object_id": "9", "object_repr": "MacShort 2120", "action_flag": 1, "change_message": "[{\"added\": {}}]"}}, {"model": "admin.logentry", "pk": 46, "fields": {"action_time": "2020-05-09T00:21:58.116Z", "user": 2, "content_type": 12, "object_id": "4", "object_repr": "4th REG", "action_flag": 1, "change_message": "[{\"added\": {}}]"}}, {"model": "admin.logentry", "pk": 47, "fields": {"action_time": "2020-05-09T00:22:30.912Z", "user": 2, "content_type": 8, "object_id": "4", "object_repr": "D-1st REG", "action_flag": 1, "change_message": "[{\"added\": {}}]"}}, {"model": "admin.logentry", "pk": 48, "fields": {"action_time": "2020-05-09T00:22:38.919Z", "user": 2, "content_type": 8, "object_id": "3", "object_repr": "C-1st REG", "action_flag": 2, "change_message": "[{\"changed\": {\"fields\": [\"CompanyName\"]}}]"}}, {"model": "admin.logentry", "pk": 49, "fields": {"action_time": "2020-05-09T00:22:43.554Z", "user": 2, "content_type": 8, "object_id": "2", "object_repr": "B-1st REG", "action_flag": 2, "change_message": "[{\"changed\": {\"fields\": [\"CompanyName\"]}}]"}}, {"model": "admin.logentry", "pk": 50, "fields": {"action_time": "2020-05-09T00:22:49.355Z", "user": 2, "content_type": 8, "object_id": "1", "object_repr": "A-1st REG", "action_flag": 2, "change_message": "[{\"changed\": {\"fields\": [\"CompanyName\"]}}]"}}, {"model": "admin.logentry", "pk": 51, "fields": {"action_time": "2020-05-09T00:23:02.567Z", "user": 2, "content_type": 8, "object_id": "5", "object_repr": "A-2nd REG", "action_flag": 1, "change_message": "[{\"added\": {}}]"}}, {"model": "admin.logentry", "pk": 52, "fields": {"action_time": "2020-05-09T00:23:14.492Z", "user": 2, "content_type": 8, "object_id": "6", "object_repr": "B-2nd REG", "action_flag": 1, "change_message": "[{\"added\": {}}]"}}, {"model": "admin.logentry", "pk": 53, "fields": {"action_time": "2020-05-09T00:23:24.602Z", "user": 2, "content_type": 8, "object_id": "7", "object_repr": "C-2nd REG", "action_flag": 1, "change_message": "[{\"added\": {}}]"}}, {"model": "admin.logentry", "pk": 54, "fields": {"action_time": "2020-05-09T00:23:35.144Z", "user": 2, "content_type": 8, "object_id": "8", "object_repr": "D-2nd REG", "action_flag": 1, "change_message": "[{\"added\": {}}]"}}, {"model": "admin.logentry", "pk": 55, "fields": {"action_time": "2020-05-09T00:23:50.097Z", "user": 2, "content_type": 8, "object_id": "9", "object_repr": "A-3rd REG", "action_flag": 1, "change_message": "[{\"added\": {}}]"}}, {"model": "admin.logentry", "pk": 56, "fields": {"action_time": "2020-05-09T00:24:02.854Z", "user": 2, "content_type": 8, "object_id": "10", "object_repr": "B-3rd REG", "action_flag": 1, "change_message": "[{\"added\": {}}]"}}, {"model": "admin.logentry", "pk": 57, "fields": {"action_time": "2020-05-09T00:24:14.946Z", "user": 2, "content_type": 8, "object_id": "11", "object_repr": "C-3rd REG", "action_flag": 1, "change_message": "[{\"added\": {}}]"}}, {"model": "admin.logentry", "pk": 58, "fields": {"action_time": "2020-05-09T00:24:43.214Z", "user": 2, "content_type": 9, "object_id": "10", "object_repr": "Lee 432", "action_flag": 1, "change_message": "[{\"added\": {}}]"}}, {"model": "admin.logentry", "pk": 59, "fields": {"action_time": "2020-05-09T00:24:50.341Z", "user": 2, "content_type": 8, "object_id": "12", "object_repr": "D-3rd REG", "action_flag": 1, "change_message": "[{\"added\": {}}]"}}, {"model": "admin.logentry", "pk": 60, "fields": {"action_time": "2020-05-09T00:25:05.280Z", "user": 2, "content_type": 8, "object_id": "13", "object_repr": "A-4th REG", "action_flag": 1, "change_message": "[{\"added\": {}}]"}}, {"model": "admin.logentry", "pk": 61, "fields": {"action_time": "2020-05-09T00:25:14.523Z", "user": 2, "content_type": 8, "object_id": "14", "object_repr": "B-4th REG", "action_flag": 1, "change_message": "[{\"added\": {}}]"}}, {"model": "admin.logentry", "pk": 62, "fields": {"action_time": "2020-05-09T00:25:21.706Z", "user": 2, "content_type": 8, "object_id": "15", "object_repr": "C-4th REG", "action_flag": 1, "change_message": "[{\"added\": {}}]"}}, {"model": "admin.logentry", "pk": 63, "fields": {"action_time": "2020-05-09T00:25:32.605Z", "user": 2, "content_type": 8, "object_id": "16", "object_repr": "D-4th REG", "action_flag": 1, "change_message": "[{\"added\": {}}]"}}, {"model": "admin.logentry", "pk": 64, "fields": {"action_time": "2020-05-09T00:26:25.541Z", "user": 2, "content_type": 10, "object_id": "1", "object_repr": "Supply Officer: x12432", "action_flag": 1, "change_message": "[{\"added\": {}}]"}}, {"model": "admin.logentry", "pk": 65, "fields": {"action_time": "2020-05-09T00:26:49.663Z", "user": 2, "content_type": 10, "object_id": "2", "object_repr": "Supply Officer: x14354", "action_flag": 1, "change_message": "[{\"added\": {}}]"}}, {"model": "admin.logentry", "pk": 66, "fields": {"action_time": "2020-05-09T00:27:10.482Z", "user": 2, "content_type": 10, "object_id": "3", "object_repr": "Supply Officer: x43928", "action_flag": 1, "change_message": "[{\"added\": {}}]"}}, {"model": "admin.logentry", "pk": 67, "fields": {"action_time": "2020-05-09T00:27:32.355Z", "user": 2, "content_type": 10, "object_id": "4", "object_repr": "Supply Officer: x25476", "action_flag": 1, "change_message": "[{\"added\": {}}]"}}, {"model": "admin.logentry", "pk": 68, "fields": {"action_time": "2020-05-09T00:28:30.864Z", "user": 2, "content_type": 13, "object_id": "1", "object_repr": "REG 1st REG has 7Trash Cans at Davis 101", "action_flag": 1, "change_message": "[{\"added\": {}}]"}}, {"model": "admin.logentry", "pk": 69, "fields": {"action_time": "2020-05-09T00:28:58.334Z", "user": 2, "content_type": 13, "object_id": "2", "object_repr": "REG 2nd REG has 18Trash Bags at Brad 201", "action_flag": 1, "change_message": "[{\"added\": {}}]"}}, {"model": "admin.logentry", "pk": 70, "fields": {"action_time": "2020-05-09T00:29:22.348Z", "user": 2, "content_type": 13, "object_id": "3", "object_repr": "REG 3rd REG has 22Sponges at MacLong 3024", "action_flag": 1, "change_message": "[{\"added\": {}}]"}}, {"model": "admin.logentry", "pk": 71, "fields": {"action_time": "2020-05-09T00:29:45.285Z", "user": 2, "content_type": 13, "object_id": "4", "object_repr": "REG 4th REG has 19Mops at MacShort 2120", "action_flag": 1, "change_message": "[{\"added\": {}}]"}}, {"model": "admin.logentry", "pk": 72, "fields": {"action_time": "2020-05-09T00:30:23.264Z", "user": 2, "content_type": 14, "object_id": "1", "object_repr": "RegHasPersonnel object (1)", "action_flag": 1, "change_message": "[{\"added\": {}}]"}}, {"model": "admin.logentry", "pk": 73, "fields": {"action_time": "2020-05-09T00:31:29.846Z", "user": 2, "content_type": 10, "object_id": "5", "object_repr": "REG Supply Off.: x84726", "action_flag": 1, "change_message": "[{\"added\": {}}]"}}]